timestamp_utc,event_type,severity,metric,value,change_value,baseline,note
2025-10-09T17:30:01.732094+00:00,seller_surge,high,consolidated_sellers_pct_notional,79.4,51.71000000000001,27.69,Sudden seller dominance surge
2025-10-09T17:30:01.732094+00:00,volume_anomaly,moderate,volume_total,44583.32298996379,2.7280456661529855,9903.250905715937,Volume 2.73σ from mean
2025-10-09T17:32:05.067340+00:00,price_drop,mild,price_usd,0.01861643,-3.567495496018147,0.01930514,Price changed 3.57%
2025-10-09T17:52:37.726439+00:00,buyer_surge,moderate,consolidated_buyers_pct_notional,72.02,22.79,49.23,Sudden buyer dominance surge
2025-10-09T18:19:21.226588+00:00,buyer_surge,high,consolidated_buyers_pct_notional,70.16,39.47,30.69,Sudden buyer dominance surge
2025-10-09T18:31:41.491973+00:00,volume_anomaly,moderate,volume_total,21508.153545731257,2.786744883674297,4703.847162844262,Volume 2.79σ from mean
2025-10-09T19:03:16.514986+00:00,seller_surge,high,consolidated_sellers_pct_notional,73.12,44.32000000000001,28.8,Sudden seller dominance surge
2025-10-09T19:34:05.649111+00:00,volume_anomaly,moderate,volume_total,1547.1911960416799,2.658288169403799,2756.2234043004055,Volume 2.66σ from mean
2025-10-09T19:50:32.540013+00:00,buyer_surge,high,consolidated_buyers_pct_notional,77.12,47.39,29.73,Sudden buyer dominance surge
2025-10-09T20:04:56.744589+00:00,seller_surge,moderate,consolidated_sellers_pct_notional,78.53999999999999,29.79999999999999,48.74,Sudden seller dominance surge
2025-10-09T20:29:37.605032+00:00,volume_anomaly,moderate,volume_total,1447.6958945713693,2.6536209494307985,2091.6149240102636,Volume 2.65σ from mean
2025-10-10T08:12:25.218606+00:00,buyer_surge,high,consolidated_buyers_pct_notional,84.26,35.53000000000001,48.73,Sudden buyer dominance surge
2025-10-10T08:12:25.218606+00:00,price_drop,high,price_usd,0.01643846,-8.862913987693123,0.01803707,Price changed 8.86%
2025-10-10T08:24:48.061058+00:00,seller_surge,moderate,consolidated_sellers_pct_notional,98.19,27.939999999999998,70.25,Sudden seller dominance surge
2025-10-10T08:26:51.216474+00:00,volume_anomaly,moderate,volume_total,18328.036528743774,2.5991416430823175,4501.1655887514935,Volume 2.60σ from mean
2025-10-10T10:30:14.763801+00:00,seller_surge,high,consolidated_sellers_pct_notional,85.81,37.150000000000006,48.66,Sudden seller dominance surge
2025-10-10T10:48:45.081933+00:00,volume_anomaly,moderate,volume_total,5624.94083305683,2.7001002817391773,1795.274183920333,Volume 2.70σ from mean
2025-10-10T10:59:01.191142+00:00,seller_surge,moderate,consolidated_sellers_pct_notional,71.77,22.619999999999997,49.15,Sudden seller dominance surge
2025-10-10T11:38:02.821594+00:00,volume_anomaly,moderate,volume_total,2191.6724199250193,2.5909798705445013,1661.1288395063318,Volume 2.59σ from mean
2025-10-10T11:42:09.345081+00:00,volume_anomaly,moderate,volume_total,4649.77572863695,2.736756873226249,2006.4896838478587,Volume 2.74σ from mean
2025-10-10T12:06:33.954107+00:00,seller_surge,high,consolidated_sellers_pct_notional,81.89,33.910000000000004,47.98,Sudden seller dominance surge
2025-10-10T13:20:38.418937+00:00,seller_surge,moderate,consolidated_sellers_pct_notional,80.71000000000001,23.24000000000001,57.47,Sudden seller dominance surge
2025-10-10T13:41:11.888044+00:00,volume_anomaly,moderate,volume_total,13063.894006071918,2.807288713921135,3133.821854246951,Volume 2.81σ from mean
2025-10-10T13:43:15.157450+00:00,volume_anomaly,moderate,volume_total,62820.93625818414,2.798171497142903,9254.709532720964,Volume 2.80σ from mean
2025-10-10T13:53:31.740948+00:00,buyer_surge,moderate,consolidated_buyers_pct_notional,93.14,26.599999999999994,66.54,Sudden buyer dominance surge
2025-10-10T14:16:11.390641+00:00,seller_surge,moderate,consolidated_sellers_pct_notional,79.73,23.660000000000004,56.07,Sudden seller dominance surge
2025-10-10T15:34:16.962580+00:00,volume_anomaly,moderate,volume_total,3751.1332818648493,2.611742935054092,1882.2923760273188,Volume 2.61σ from mean
2025-10-10T16:05:08.189263+00:00,volume_anomaly,moderate,volume_total,1385.35222873009,2.5211320756570905,2872.251766680839,Volume 2.52σ from mean
2025-10-10T17:54:12.258258+00:00,seller_surge,moderate,consolidated_sellers_pct_notional,89.68,23.170000000000016,66.50999999999999,Sudden seller dominance surge
2025-10-10T17:54:12.258258+00:00,volume_anomaly,moderate,volume_total,3232.1234373309503,2.513784315145226,1803.5498784842378,Volume 2.51σ from mean
2025-10-10T18:02:26.756171+00:00,volume_anomaly,moderate,volume_total,8392.00053575873,2.664882073787977,3038.243336172192,Volume 2.66σ from mean
2025-10-10T18:04:30.652918+00:00,buyer_surge,moderate,consolidated_buyers_pct_notional,88.74,20.789999999999992,67.95,Sudden buyer dominance surge
2025-10-10T18:12:45.737317+00:00,seller_surge,high,consolidated_sellers_pct_notional,74.87,63.75,11.120000000000005,Sudden seller dominance surge
2025-10-10T18:14:49.055807+00:00,buyer_surge,high,consolidated_buyers_pct_notional,89.24,64.11,25.13,Sudden buyer dominance surge
2025-10-10T18:55:57.730475+00:00,buyer_surge,high,consolidated_buyers_pct_notional,70.29,35.96000000000001,34.33,Sudden buyer dominance surge
2025-10-10T19:10:20.941157+00:00,seller_surge,high,consolidated_sellers_pct_notional,95.23,41.36000000000001,53.87,Sudden seller dominance surge
2025-10-10T19:10:20.941157+00:00,volume_anomaly,moderate,volume_total,19063.089061347848,2.593045355301878,6331.940818818914,Volume 2.59σ from mean
2025-10-10T19:12:24.444418+00:00,volume_anomaly,moderate,volume_total,40528.88728863593,2.6063503222902513,10175.920441953906,Volume 2.61σ from mean
2025-10-10T19:35:00.652531+00:00,seller_surge,moderate,consolidated_sellers_pct_notional,84.9,20.99000000000001,63.91,Sudden seller dominance surge
2025-10-10T19:45:17.220591+00:00,seller_surge,moderate,consolidated_sellers_pct_notional,96.85,27.97999999999999,68.87,Sudden seller dominance surge
2025-10-10T20:26:29.679838+00:00,volume_anomaly,moderate,volume_total,2639.5337788265097,2.713193611439877,1646.500713831127,Volume 2.71σ from mean
2025-10-11T09:20:28.383080+00:00,price_drop,high,price_usd,0.0128915,-20.078189029977423,0.01613014,Price changed 20.08%
2025-10-11T09:28:42.717822+00:00,seller_surge,moderate,consolidated_sellers_pct_notional,72.81,28.410000000000004,44.4,Sudden seller dominance surge
2025-10-11T10:40:41.498662+00:00,seller_surge,high,consolidated_sellers_pct_notional,72.78,50.21000000000001,22.569999999999997,Sudden seller dominance surge
2025-10-11T14:49:24.976763+00:00,volume_anomaly,moderate,volume_total,2478.9499500226007,2.6162262740479334,1611.7556627622926,Volume 2.62σ from mean
2025-10-11T14:51:28.214766+00:00,volume_anomaly,moderate,volume_total,5274.868538096749,2.7543187140279675,2019.5821742643275,Volume 2.75σ from mean
2025-10-11T15:07:54.715232+00:00,seller_surge,high,consolidated_sellers_pct_notional,89.78999999999999,49.849999999999994,39.94,Sudden seller dominance surge
2025-10-11T15:12:01.183679+00:00,buyer_surge,high,consolidated_buyers_pct_notional,78.81,62.74,16.07,Sudden buyer dominance surge
2025-10-11T15:20:14.362907+00:00,seller_surge,high,consolidated_sellers_pct_notional,70.75,37.3,33.45,Sudden seller dominance surge
2025-10-11T15:55:11.292466+00:00,seller_surge,high,consolidated_sellers_pct_notional,92.88,31.489999999999995,61.39,Sudden seller dominance surge
2025-10-11T16:07:31.769079+00:00,seller_surge,high,consolidated_sellers_pct_notional,86.88,36.81999999999999,50.06,Sudden seller dominance surge
2025-10-11T16:56:50.518450+00:00,volume_anomaly,moderate,volume_total,4073.849204747241,2.716779237981591,2173.4602734679274,Volume 2.72σ from mean
2025-10-11T17:00:57.000529+00:00,volume_anomaly,moderate,volume_total,9555.22684641487,2.5354680306303994,3217.1034616939114,Volume 2.54σ from mean
2025-10-11T17:39:59.680549+00:00,buyer_surge,high,consolidated_buyers_pct_notional,74.09,32.440000000000005,41.65,Sudden buyer dominance surge
2025-10-11T18:35:29.057139+00:00,volume_anomaly,moderate,volume_total,23075.601519172287,2.843790804325627,4160.567332086901,Volume 2.84σ from mean
2025-10-11T18:39:35.602185+00:00,price_drop,mild,price_usd,0.01493943,-3.377330447909088,0.01546162,Price changed 3.38%
2025-10-11T18:49:52.220848+00:00,price_surge,mild,price_usd,0.01513533,3.4060746926067864,0.01463679,Price changed 3.41%
2025-10-11T18:53:59.062134+00:00,price_surge,mild,price_usd,0.01592562,3.658869176209323,0.01536349,Price changed 3.66%
2025-10-11T19:12:32.793488+00:00,seller_surge,high,consolidated_sellers_pct_notional,96.03,38.7,57.33,Sudden seller dominance surge
2025-10-11T19:35:10.151586+00:00,seller_surge,moderate,consolidated_sellers_pct_notional,73.28,25.64,47.64,Sudden seller dominance surge
2025-10-11T19:37:13.583673+00:00,volume_anomaly,moderate,volume_total,48675.34218265779,2.8077907313351496,9135.86564995246,Volume 2.81σ from mean
2025-10-11T19:45:27.791457+00:00,seller_surge,moderate,consolidated_sellers_pct_notional,95.57,29.799999999999983,65.77000000000001,Sudden seller dominance surge
2025-10-11T20:20:27.248583+00:00,buyer_surge,moderate,consolidated_buyers_pct_notional,81.29,24.78000000000001,56.51,Sudden buyer dominance surge
2025-10-11T20:20:27.248583+00:00,volume_anomaly,moderate,volume_total,25361.157462688574,2.5519041991479403,9040.404667633506,Volume 2.55σ from mean
2025-10-12T10:30:20.191003+00:00,volume_anomaly,moderate,volume_total,2925.0852332730615,2.588250458022972,2638.4814647036465,Volume 2.59σ from mean
2025-10-12T10:46:47.111951+00:00,volume_anomaly,moderate,volume_total,6687.836364091048,2.79443228665531,3345.319153299545,Volume 2.79σ from mean
2025-10-12T11:58:41.109979+00:00,volume_anomaly,moderate,volume_total,2112.80168324503,2.7680408077341925,1844.2569708764943,Volume 2.77σ from mean
2025-10-12T13:08:32.737117+00:00,volume_anomaly,moderate,volume_total,5083.9797470976,2.8077823463426403,2785.062465269917,Volume 2.81σ from mean
2025-10-12T13:53:43.190267+00:00,volume_anomaly,moderate,volume_total,4922.707340253901,2.5636265913508574,2957.6869617193697,Volume 2.56σ from mean
2025-10-12T14:45:03.680012+00:00,volume_anomaly,moderate,volume_total,11449.389245965589,2.72967138959313,3871.8355737170687,Volume 2.73σ from mean
2025-10-12T14:59:25.957093+00:00,seller_surge,moderate,consolidated_sellers_pct_notional,71.47,25.439999999999998,46.03,Sudden seller dominance surge
2025-10-12T15:19:58.252426+00:00,volume_anomaly,moderate,volume_total,40580.54042983299,2.7991590185622295,10680.359302669578,Volume 2.80σ from mean
2025-10-12T15:40:33.306321+00:00,seller_surge,moderate,consolidated_sellers_pct_notional,71.71000000000001,22.650000000000006,49.06,Sudden seller dominance surge
2025-10-12T15:52:55.742194+00:00,buyer_surge,high,consolidated_buyers_pct_notional,77.87,37.00000000000001,40.87,Sudden buyer dominance surge
2025-10-12T15:55:00.332747+00:00,volume_anomaly,moderate,volume_total,18114.84563222735,2.5636543940520746,6110.7518642623345,Volume 2.56σ from mean
2025-10-12T17:07:09.164927+00:00,seller_surge,moderate,consolidated_sellers_pct_notional,70.46000000000001,26.430000000000007,44.03,Sudden seller dominance surge
2025-10-12T17:17:28.272314+00:00,volume_anomaly,moderate,volume_total,14482.803671842255,2.788595451776786,4408.296601802865,Volume 2.79σ from mean
2025-10-12T17:33:58.507676+00:00,buyer_surge,high,consolidated_buyers_pct_notional,70.31,37.900000000000006,32.41,Sudden buyer dominance surge
2025-10-12T18:25:32.810653+00:00,volume_anomaly,moderate,volume_total,7887.209652717358,2.6895325342464123,6533.493619494375,Volume 2.69σ from mean
2025-10-12T18:27:36.476967+00:00,volume_anomaly,moderate,volume_total,19619.5566397339,2.82522552444997,7843.58341882609,Volume 2.83σ from mean
2025-10-12T19:29:30.587866+00:00,volume_anomaly,moderate,volume_total,7327.1025649599205,2.839876559043348,2538.0872778198864,Volume 2.84σ from mean
2025-10-12T20:02:25.808752+00:00,volume_anomaly,moderate,volume_total,13184.334428933127,2.7941346744766076,6215.646030292947,Volume 2.79σ from mean
2025-10-12T20:12:42.474792+00:00,seller_surge,moderate,consolidated_sellers_pct_notional,88.52,28.369999999999997,60.15,Sudden seller dominance surge
2025-10-12T20:49:43.278297+00:00,volume_anomaly,moderate,volume_total,4053.0809838707423,2.7084753966882067,4708.417194867844,Volume 2.71σ from mean
2025-10-13T10:31:04.819236+00:00,seller_surge,high,consolidated_sellers_pct_notional,75.17,33.67,41.5,Sudden seller dominance surge
2025-10-13T10:31:04.819236+00:00,volume_anomaly,moderate,volume_total,6511.975797266441,2.6753328922175044,3149.6612810530323,Volume 2.68σ from mean
2025-10-13T10:45:30.337669+00:00,seller_surge,moderate,consolidated_sellers_pct_notional,88.52,23.529999999999987,64.99000000000001,Sudden seller dominance surge
2025-10-13T11:38:55.203327+00:00,volume_anomaly,moderate,volume_total,3133.32696536921,2.6933113252425573,2085.4581810401514,Volume 2.69σ from mean
2025-10-13T12:24:20.841853+00:00,volume_anomaly,moderate,volume_total,2658.208021726797,2.5215768075304124,2850.2910590644165,Volume 2.52σ from mean
2025-10-13T12:28:28.913378+00:00,volume_anomaly,moderate,volume_total,5769.917485136359,2.8203887961738214,3105.2588056691884,Volume 2.82σ from mean
2025-10-13T12:38:47.977721+00:00,seller_surge,high,consolidated_sellers_pct_notional,89.8,42.779999999999994,47.02,Sudden seller dominance surge
2025-10-13T13:13:48.318797+00:00,seller_surge,high,consolidated_sellers_pct_notional,88.38,52.67999999999999,35.7,Sudden seller dominance surge
2025-10-13T13:44:37.689457+00:00,seller_surge,high,consolidated_sellers_pct_notional,96.9,34.17000000000001,62.73,Sudden seller dominance surge
2025-10-13T13:56:57.258861+00:00,volume_anomaly,moderate,volume_total,6633.297692306807,2.6838024402372422,3673.7471371487145,Volume 2.68σ from mean
2025-10-13T14:56:31.170895+00:00,seller_surge,moderate,consolidated_sellers_pct_notional,95.41,26.310000000000002,69.1,Sudden seller dominance surge
2025-10-13T15:25:16.914163+00:00,seller_surge,high,consolidated_sellers_pct_notional,94.32,58.64999999999999,35.67,Sudden seller dominance surge
2025-10-13T15:39:39.984911+00:00,seller_surge,high,consolidated_sellers_pct_notional,93.72,49.81,43.91,Sudden seller dominance surge
2025-10-14T11:14:55.251953+00:00,buyer_surge,high,consolidated_buyers_pct_notional,80.11,69.86,10.25,Sudden buyer dominance surge
2025-10-14T11:14:55.251953+00:00,price_drop,high,price_usd,0.0153548,-15.641310200090109,0.0182018,Price changed 15.64%
2025-10-14T11:14:55.251953+00:00,volume_anomaly,moderate,volume_total,3701.4091722346398,2.830309226163802,1817.7565337281926,Volume 2.83σ from mean
2025-10-14T12:31:05.450689+00:00,buyer_surge,high,consolidated_buyers_pct_notional,72.87,33.02,39.85,Sudden buyer dominance surge
2025-10-14T12:31:05.450689+00:00,volume_anomaly,moderate,volume_total,2970.6483136051,2.609939720481065,1851.3824094986994,Volume 2.61σ from mean
2025-10-14T12:53:43.407024+00:00,volume_anomaly,moderate,volume_total,7686.178862531,2.5360047062751043,3939.963868794634,Volume 2.54σ from mean
2025-10-14T14:42:42.936988+00:00,buyer_surge,high,consolidated_buyers_pct_notional,89.18,53.24000000000001,35.94,Sudden buyer dominance surge
2025-10-14T14:42:42.936988+00:00,volume_anomaly,moderate,volume_total,8502.79875993608,2.8379573632694264,2456.3528265659274,Volume 2.84σ from mean
2025-10-14T15:42:23.398178+00:00,volume_anomaly,moderate,volume_total,2293.8255100625,2.811157967337609,1523.5225929512494,Volume 2.81σ from mean
2025-10-14T19:14:37.615542+00:00,volume_anomaly,moderate,volume_total,1746.2670957822706,2.5828540353439684,1594.6194452926754,Volume 2.58σ from mean
2025-10-14T19:51:37.987052+00:00,volume_anomaly,moderate,volume_total,1951.9198594496002,2.73986510968054,1304.239362547079,Volume 2.74σ from mean
2025-10-14T19:57:48.172798+00:00,buyer_surge,high,consolidated_buyers_pct_notional,89.99,40.669999999999995,49.32,Sudden buyer dominance surge
2025-10-14T19:57:48.172798+00:00,volume_anomaly,moderate,volume_total,14496.1440030571,2.833210834325667,2822.329414324516,Volume 2.83σ from mean
2025-10-14T20:16:18.195062+00:00,buyer_surge,moderate,consolidated_buyers_pct_notional,71.05,25.949999999999996,45.1,Sudden buyer dominance surge
2025-10-15T09:09:53.421956+00:00,price_drop,moderate,price_usd,0.01601985,-5.374841994589419,0.0169298,Price changed 5.37%
2025-10-15T09:09:53.421956+00:00,volume_anomaly,moderate,volume_total,5087.62520192297,2.74577498008974,2026.91551727903,Volume 2.75σ from mean
2025-10-15T09:57:29.407047+00:00,seller_surge,high,consolidated_sellers_pct_notional,85.4,55.61,29.790000000000006,Sudden seller dominance surge
2025-10-15T09:57:29.407047+00:00,volume_anomaly,moderate,volume_total,4365.2180650946,2.7543144486712334,2333.695719125722,Volume 2.75σ from mean
2025-10-15T10:36:43.032223+00:00,volume_anomaly,moderate,volume_total,1189.5799312254,2.771559034049603,3924.916954731433,Volume 2.77σ from mean
2025-10-15T10:57:19.928656+00:00,volume_anomaly,moderate,volume_total,2130.1201505911804,2.727342148231789,1289.5134811230068,Volume 2.73σ from mean
2025-10-15T11:13:49.190558+00:00,buyer_surge,moderate,consolidated_buyers_pct_notional,76.94,20.29,56.65,Sudden buyer dominance surge
2025-10-15T11:20:02.737485+00:00,volume_anomaly,moderate,volume_total,6809.61764166539,2.6835559718417987,2808.7663115786736,Volume 2.68σ from mean
2025-10-15T11:50:57.102609+00:00,seller_surge,moderate,consolidated_sellers_pct_notional,75.57,28.89999999999999,46.67,Sudden seller dominance surge
2025-10-15T12:11:29.751531+00:00,seller_surge,moderate,consolidated_sellers_pct_notional,78.97,24.439999999999998,54.53,Sudden seller dominance surge
2025-10-15T12:11:29.751531+00:00,volume_anomaly,moderate,volume_total,3028.48272043308,2.7987418383275187,1446.434807822652,Volume 2.80σ from mean
2025-10-15T12:50:33.218378+00:00,buyer_surge,high,consolidated_buyers_pct_notional,88.74,32.029999999999994,56.71,Sudden buyer dominance surge
2025-10-15T13:19:24.297598+00:00,volume_anomaly,moderate,volume_total,1751.6174359326403,2.8285080262639783,3072.6852081312077,Volume 2.83σ from mean
2025-10-15T13:44:03.871870+00:00,volume_anomaly,moderate,volume_total,1252.22866149324,2.5147557665306888,1905.611881974377,Volume 2.51σ from mean
2025-10-15T13:54:20.637387+00:00,volume_anomaly,moderate,volume_total,6465.45314086512,2.732217811834817,2563.3810956196103,Volume 2.73σ from mean
2025-10-15T14:06:40.548532+00:00,seller_surge,high,consolidated_sellers_pct_notional,72.27,35.669999999999995,36.6,Sudden seller dominance surge
2025-10-15T14:35:26.553126+00:00,volume_anomaly,moderate,volume_total,7435.91309507117,2.8226024529560507,2589.5571125151428,Volume 2.82σ from mean
2025-10-15T16:49:17.719168+00:00,buyer_surge,high,consolidated_buyers_pct_notional,72.96,36.879999999999995,36.08,Sudden buyer dominance surge
2025-10-15T17:34:35.553349+00:00,volume_anomaly,moderate,volume_total,2131.90406433148,2.7794641757489353,1573.6617494165869,Volume 2.78σ from mean
2025-10-15T18:24:04.368760+00:00,volume_anomaly,moderate,volume_total,1348.6171652036,2.7222886829501696,3152.4876751124384,Volume 2.72σ from mean
2025-10-15T18:36:26.787949+00:00,seller_surge,moderate,consolidated_sellers_pct_notional,84.11,22.490000000000002,61.62,Sudden seller dominance surge
2025-10-15T18:54:59.928072+00:00,buyer_surge,high,consolidated_buyers_pct_notional,71.4,43.42,27.98,Sudden buyer dominance surge
2025-10-15T18:54:59.928072+00:00,volume_anomaly,moderate,volume_total,6543.204735991311,2.8430175880867843,2580.216824680069,Volume 2.84σ from mean
2025-10-15T19:36:11.443989+00:00,volume_anomaly,moderate,volume_total,15943.099531573975,2.7012137621464447,6922.165347746088,Volume 2.70σ from mean
2025-10-15T21:42:15.582158+00:00,buyer_surge,moderate,consolidated_buyers_pct_notional,75.07,21.96999999999999,53.1,Sudden buyer dominance surge
2025-10-15T21:42:15.582158+00:00,volume_anomaly,moderate,volume_total,2147.5969543148303,2.6934309972073973,1323.530542076748,Volume 2.69σ from mean
2025-10-16T09:17:28.657952+00:00,buyer_surge,high,consolidated_buyers_pct_notional,84.03,36.160000000000004,47.87,Sudden buyer dominance surge
2025-10-16T09:17:28.657952+00:00,price_surge,moderate,price_usd,0.01601024,5.340298014486855,0.01519859,Price changed 5.34%
2025-10-16T10:06:55.758639+00:00,volume_anomaly,moderate,volume_total,2219.79417865274,2.53424885865486,1647.7904112850479,Volume 2.53σ from mean
2025-10-16T10:13:06.128023+00:00,seller_surge,moderate,consolidated_sellers_pct_notional,75.64,20.9,54.74,Sudden seller dominance surge
2025-10-16T10:13:06.128023+00:00,volume_anomaly,moderate,volume_total,4111.362783825741,2.6577907086093586,1999.539633464027,Volume 2.66σ from mean
2025-10-16T10:41:55.776315+00:00,seller_surge,moderate,consolidated_sellers_pct_notional,87.16,22.169999999999987,64.99000000000001,Sudden seller dominance surge
2025-10-16T11:21:03.875419+00:00,seller_surge,high,consolidated_sellers_pct_notional,87.35,34.23,53.12,Sudden seller dominance surge
2025-10-16T11:21:03.875419+00:00,volume_anomaly,moderate,volume_total,13107.15421018271,2.7680981059363936,4023.401218124635,Volume 2.77σ from mean
2025-10-16T11:51:54.490633+00:00,seller_surge,high,consolidated_sellers_pct_notional,84.36,36.3,48.06,Sudden seller dominance surge
2025-10-16T11:51:54.490633+00:00,volume_anomaly,moderate,volume_total,6270.2107753091,2.8459539007768657,1975.6849495561892,Volume 2.85σ from mean
2025-10-16T12:26:52.154529+00:00,volume_anomaly,moderate,volume_total,3818.084516770011,2.6182408837186895,3004.3490348050605,Volume 2.62σ from mean
2025-10-16T12:47:27.418869+00:00,seller_surge,high,consolidated_sellers_pct_notional,82.7,39.53,43.17,Sudden seller dominance surge
2025-10-16T12:47:27.418869+00:00,volume_anomaly,moderate,volume_total,8379.848052522833,2.616526692736428,3349.1768122343055,Volume 2.62σ from mean
2025-10-16T13:18:18.340229+00:00,volume_anomaly,moderate,volume_total,15599.20495383321,2.5106559846473067,4796.869505614926,Volume 2.51σ from mean
2025-10-16T13:57:21.400467+00:00,seller_surge,high,consolidated_sellers_pct_notional,72.5,36.39,36.11,Sudden seller dominance surge
2025-10-16T14:28:11.741489+00:00,volume_anomaly,moderate,volume_total,30474.009604352912,2.6133978861795146,7366.866667088863,Volume 2.61σ from mean
2025-10-16T15:05:12.218023+00:00,seller_surge,moderate,consolidated_sellers_pct_notional,80.7,23.400000000000006,57.3,Sudden seller dominance surge
2025-10-16T15:05:12.218023+00:00,volume_anomaly,moderate,volume_total,43873.17651943301,2.5730604256418133,13941.043916706118,Volume 2.57σ from mean
2025-10-16T16:33:41.551022+00:00,seller_surge,high,consolidated_sellers_pct_notional,80.71000000000001,32.95000000000001,47.76,Sudden seller dominance surge
2025-10-16T16:54:17.101641+00:00,volume_anomaly,moderate,volume_total,13353.34312377943,2.736654132570713,5369.312906522651,Volume 2.74σ from mean
2025-10-16T17:35:26.950851+00:00,volume_anomaly,moderate,volume_total,14499.371644550118,2.7731206194096276,12241.673611199047,Volume 2.77σ from mean
2025-10-16T17:45:46.037929+00:00,volume_anomaly,moderate,volume_total,3811.1189578068997,2.6450176944378376,12402.283464594993,Volume 2.65σ from mean
2025-10-16T17:49:52.599902+00:00,seller_surge,moderate,consolidated_sellers_pct_notional,73.57,25.959999999999994,47.61,Sudden seller dominance surge
2025-10-16T18:18:38.130925+00:00,buyer_surge,moderate,consolidated_buyers_pct_notional,80.5,24.520000000000003,55.98,Sudden buyer dominance surge
2025-10-16T19:34:40.672263+00:00,volume_anomaly,moderate,volume_total,1984.4605653044296,2.548824129040833,2691.1557442142084,Volume 2.55σ from mean
2025-10-16T19:47:00.300352+00:00,volume_anomaly,moderate,volume_total,16844.52185596605,2.8207706748933608,3839.050224275207,Volume 2.82σ from mean
2025-10-16T20:34:20.769276+00:00,volume_anomaly,moderate,volume_total,10167.74495511184,2.790068976651937,3536.501271921849,Volume 2.79σ from mean
2025-10-16T21:17:34.760864+00:00,seller_surge,moderate,consolidated_sellers_pct_notional,93.34,23.010000000000005,70.33,Sudden seller dominance surge
2025-10-16T21:23:44.425985+00:00,volume_anomaly,moderate,volume_total,28370.09431068487,2.561829842447217,10536.721794298577,Volume 2.56σ from mean
2025-10-16T21:38:09.156144+00:00,seller_surge,moderate,consolidated_sellers_pct_notional,71.76,22.10000000000001,49.66,Sudden seller dominance surge
2025-10-17T08:58:46.645385+00:00,price_surge,mild,price_usd,0.01912983,4.456960947055744,0.0183136,Price changed 4.46%
2025-10-17T09:58:26.800321+00:00,volume_anomaly,moderate,volume_total,25775.28408711846,2.736397043459655,8500.39066279629,Volume 2.74σ from mean
2025-10-17T11:10:23.239122+00:00,buyer_surge,moderate,consolidated_buyers_pct_notional,89.78,21.5,68.28,Sudden buyer dominance surge
2025-10-17T11:10:23.239122+00:00,volume_anomaly,moderate,volume_total,14126.583623505121,2.754000908449419,4987.443768156583,Volume 2.75σ from mean
2025-10-17T11:20:39.587907+00:00,seller_surge,high,consolidated_sellers_pct_notional,93.01,35.2,57.81,Sudden seller dominance surge
2025-10-17T11:43:15.347839+00:00,seller_surge,high,consolidated_sellers_pct_notional,74.15,35.71000000000001,38.44,Sudden seller dominance surge
2025-10-17T12:09:57.547778+00:00,buyer_surge,high,consolidated_buyers_pct_notional,80.33,48.48,31.85,Sudden buyer dominance surge
2025-10-17T12:46:55.882470+00:00,seller_surge,high,consolidated_sellers_pct_notional,73.06,31.85,41.21,Sudden seller dominance surge
2025-10-17T12:55:08.864100+00:00,buyer_surge,high,consolidated_buyers_pct_notional,73.3,34.519999999999996,38.78,Sudden buyer dominance surge
2025-10-17T13:05:25.346594+00:00,seller_surge,moderate,consolidated_sellers_pct_notional,70.61,29.939999999999998,40.67,Sudden seller dominance surge
2025-10-17T14:09:07.588347+00:00,seller_surge,moderate,consolidated_sellers_pct_notional,82.34,21.740000000000002,60.6,Sudden seller dominance surge
2025-10-17T14:42:09.007479+00:00,seller_surge,moderate,consolidated_sellers_pct_notional,85.39,21.480000000000004,63.91,Sudden seller dominance surge
2025-10-17T15:17:13.955539+00:00,buyer_surge,high,consolidated_buyers_pct_notional,76.2,30.950000000000003,45.25,Sudden buyer dominance surge
2025-10-17T15:56:22.184549+00:00,volume_anomaly,moderate,volume_total,8002.775686280211,2.567133248377652,3962.9325625255888,Volume 2.57σ from mean
2025-10-17T15:58:25.456249+00:00,volume_anomaly,moderate,volume_total,17021.848602339927,2.662330378983991,5225.182208408968,Volume 2.66σ from mean
2025-10-18T08:40:06.169915+00:00,price_surge,moderate,price_usd,0.01925395,7.202293491399692,0.01796039,Price changed 7.20%
2025-10-18T09:02:51.953825+00:00,seller_surge,high,consolidated_sellers_pct_notional,87.55,40.73,46.82,Sudden seller dominance surge
2025-10-18T09:48:11.599687+00:00,volume_anomaly,moderate,volume_total,30485.12718523971,2.845441927534322,5141.923258671406,Volume 2.85σ from mean
2025-10-18T10:06:41.292468+00:00,buyer_surge,high,consolidated_buyers_pct_notional,83.64,45.86,37.78,Sudden buyer dominance surge
2025-10-18T10:45:45.477944+00:00,volume_anomaly,moderate,volume_total,15684.446780647251,2.8458830473486842,3161.368657638413,Volume 2.85σ from mean
2025-10-18T11:12:30.832688+00:00,buyer_surge,high,consolidated_buyers_pct_notional,92.16,45.13999999999999,47.02,Sudden buyer dominance surge
2025-10-18T13:24:02.880010+00:00,volume_anomaly,moderate,volume_total,2450.98633864762,2.7383319354627673,1761.1525580436712,Volume 2.74σ from mean
2025-10-18T13:26:06.061918+00:00,volume_anomaly,moderate,volume_total,3692.25202690785,2.6363903433890354,1944.7573875798412,Volume 2.64σ from mean
2025-10-18T13:58:58.252193+00:00,volume_anomaly,moderate,volume_total,2458.764382156801,2.662457032691222,2143.27179167787,Volume 2.66σ from mean
2025-10-18T14:01:01.488764+00:00,volume_anomaly,moderate,volume_total,3741.1094246065004,2.773902448500688,2296.8723051771503,Volume 2.77σ from mean
2025-10-18T14:50:19.078680+00:00,volume_anomaly,moderate,volume_total,4418.29901254005,2.763783403562985,1905.0649330592653,Volume 2.76σ from mean
2025-10-18T15:39:42.666058+00:00,volume_anomaly,moderate,volume_total,4060.12942956179,2.8380731617824444,1748.3909377621494,Volume 2.84σ from mean
2025-10-18T16:16:45.435060+00:00,volume_anomaly,moderate,volume_total,2146.6009520892,2.7459737480578594,1710.659681880246,Volume 2.75σ from mean
2025-10-18T17:01:56.908107+00:00,buyer_surge,moderate,consolidated_buyers_pct_notional,70.55,24.379999999999995,46.17,Sudden buyer dominance surge
2025-10-18T17:01:56.908107+00:00,volume_anomaly,moderate,volume_total,2261.65179392834,2.799624785517409,1381.769410893564,Volume 2.80σ from mean
2025-10-18T17:30:42.488256+00:00,seller_surge,high,consolidated_sellers_pct_notional,76.01,37.36000000000001,38.65,Sudden seller dominance surge
2025-10-18T17:30:42.488256+00:00,volume_anomaly,moderate,volume_total,5722.10164383745,2.611014863738632,2270.9148645872997,Volume 2.61σ from mean
2025-10-18T18:13:52.983054+00:00,volume_anomaly,moderate,volume_total,3391.12014034316,2.6511224933466306,2295.613635639715,Volume 2.65σ from mean
2025-10-18T18:34:26.289978+00:00,seller_surge,high,consolidated_sellers_pct_notional,81.84,38.040000000000006,43.8,Sudden seller dominance surge
2025-10-18T18:44:42.649900+00:00,buyer_surge,high,consolidated_buyers_pct_notional,83.32,58.61999999999999,24.7,Sudden buyer dominance surge
2025-10-18T19:56:36.605657+00:00,volume_anomaly,moderate,volume_total,1650.0325813915797,2.633637012579335,1426.358405841178,Volume 2.63σ from mean
2025-10-18T20:52:04.655780+00:00,volume_anomaly,moderate,volume_total,2052.1207896410597,2.8250688530872416,1477.136295976978,Volume 2.83σ from mean
2025-10-18T21:12:37.407982+00:00,volume_anomaly,moderate,volume_total,6972.59209966189,2.776371906999971,2274.618219674413,Volume 2.78σ from mean
2025-10-19T10:03:22.406264+00:00,volume_anomaly,moderate,volume_total,2169.3205491543004,2.6885700388067697,1487.65200748683,Volume 2.69σ from mean
2025-10-19T11:11:08.968437+00:00,seller_surge,moderate,consolidated_sellers_pct_notional,95.83,29.28,66.55,Sudden seller dominance surge
2025-10-19T11:11:08.968437+00:00,volume_anomaly,moderate,volume_total,15169.58783537743,2.823991671112226,3762.74312699434,Volume 2.82σ from mean
2025-10-19T11:21:24.861601+00:00,buyer_surge,high,consolidated_buyers_pct_notional,78.02,62.41,15.61,Sudden buyer dominance surge
2025-10-19T12:39:26.898361+00:00,volume_anomaly,moderate,volume_total,1768.4026625599997,2.5790704351832963,1627.3463713120002,Volume 2.58σ from mean
2025-10-19T12:41:30.121542+00:00,volume_anomaly,moderate,volume_total,2078.6733890490495,2.6596003019440055,1671.2810081302953,Volume 2.66σ from mean
2025-10-19T12:57:55.893235+00:00,volume_anomaly,moderate,volume_total,3350.87934080599,2.539629390612858,1894.336664967534,Volume 2.54σ from mean
2025-10-19T13:02:02.490055+00:00,seller_surge,moderate,consolidated_sellers_pct_notional,93.61,28.22,65.39,Sudden seller dominance surge
2025-10-19T13:02:02.490055+00:00,volume_anomaly,moderate,volume_total,19602.897705582407,2.8221541128084797,3801.240439095259,Volume 2.82σ from mean
2025-10-19T14:09:48.693977+00:00,volume_anomaly,moderate,volume_total,2313.44171244498,2.508409574039525,1536.5460288369159,Volume 2.51σ from mean
2025-10-19T14:40:37.036960+00:00,volume_anomaly,moderate,volume_total,2746.36582338239,2.821321866836119,2054.580954422181,Volume 2.82σ from mean
2025-10-19T15:13:29.085042+00:00,volume_anomaly,moderate,volume_total,5803.69414469796,2.570275419548376,2891.392914969346,Volume 2.57σ from mean
2025-10-19T15:42:14.389888+00:00,volume_anomaly,moderate,volume_total,3936.3115007080096,2.5696346181853573,2149.712045659992,Volume 2.57σ from mean
2025-10-19T18:04:06.935021+00:00,seller_surge,moderate,consolidated_sellers_pct_notional,85.21000000000001,20.710000000000008,64.5,Sudden seller dominance surge
2025-10-19T18:16:28.364748+00:00,volume_anomaly,moderate,volume_total,8175.75856333423,2.521262819979763,4988.8584554986755,Volume 2.52σ from mean
2025-10-19T18:37:00.993613+00:00,buyer_surge,high,consolidated_buyers_pct_notional,84.84,44.370000000000005,40.47,Sudden buyer dominance surge
2025-10-19T18:59:36.661014+00:00,volume_anomaly,moderate,volume_total,2856.12388139563,2.7786319698982127,6491.069367030119,Volume 2.78σ from mean
2025-10-19T19:18:11.588801+00:00,seller_surge,moderate,consolidated_sellers_pct_notional,83.12,27.990000000000002,55.13,Sudden seller dominance surge
2025-10-19T19:18:11.588801+00:00,volume_anomaly,moderate,volume_total,16171.861500566889,2.573540590427098,5171.689095930117,Volume 2.57σ from mean
2025-10-19T19:28:28.055960+00:00,buyer_surge,high,consolidated_buyers_pct_notional,80.9,59.43000000000001,21.47,Sudden buyer dominance surge
2025-10-19T19:59:18.524126+00:00,seller_surge,high,consolidated_sellers_pct_notional,87.55,38.9,48.65,Sudden seller dominance surge
2025-10-19T20:58:55.104515+00:00,seller_surge,moderate,consolidated_sellers_pct_notional,93.3,29.659999999999997,63.64,Sudden seller dominance surge
2025-10-19T20:58:55.104515+00:00,volume_anomaly,moderate,volume_total,10544.8918961532,2.843201703678047,2677.09218652317,Volume 2.84σ from mean
